case,phenomenon,condition,dice_recomputed,dice_frozen,box_iou_vs_H0_recomputed,box_iou_vs_H0_frozen,box,image_path,gt_path,sam_path,coarse_path,prompt
1401,Localization switch,H1,0.8444546709618039,0.8444546709618039,1.0,1.0,"(208, 202, 267, 301)",/home/hpc/rlvl/rlvl178v/prl_medclipsam/authors_segmentation_data/data/brain_tumors/test_images/1401.png,/home/hpc/rlvl/rlvl178v/prl_medclipsam/authors_segmentation_data/data/brain_tumors/test_masks/1401.png,/home/hpc/rlvl/rlvl178v/prl_medclipsam/MedCLIP-SAMv2/parent_repro_brain600/highop/H1_verb/sam/1401.png,/home/hpc/rlvl/rlvl178v/prl_medclipsam/MedCLIP-SAMv2/parent_repro_brain600/highop/H1_verb/coarse/1401.png,"A brain imaging study demonstrating a well-marginated, pituitary mass likely representing a pituitary tumor."
1401,Localization switch,H2,0.0,0.0,0.0,0.0,"(208, 352, 287, 413)",/home/hpc/rlvl/rlvl178v/prl_medclipsam/authors_segmentation_data/data/brain_tumors/test_images/1401.png,/home/hpc/rlvl/rlvl178v/prl_medclipsam/authors_segmentation_data/data/brain_tumors/test_masks/1401.png,/home/hpc/rlvl/rlvl178v/prl_medclipsam/MedCLIP-SAMv2/parent_repro_brain600/highop/H2_intro/sam/1401.png,/home/hpc/rlvl/rlvl178v/prl_medclipsam/MedCLIP-SAMv2/parent_repro_brain600/highop/H2_intro/coarse/1401.png,"A brain MRI demonstrating a well-marginated, pituitary mass likely representing a pituitary tumor."
2982,High-overlap residual,H0,0.9040152963671129,0.9040152963671128,1.0,1.0,"(280, 206, 343, 325)",/home/hpc/rlvl/rlvl178v/prl_medclipsam/authors_segmentation_data/data/brain_tumors/test_images/2982.png,/home/hpc/rlvl/rlvl178v/prl_medclipsam/authors_segmentation_data/data/brain_tumors/test_masks/2982.png,/home/hpc/rlvl/rlvl178v/prl_medclipsam/MedCLIP-SAMv2/parent_repro_brain600/sam/2982.png,/home/hpc/rlvl/rlvl178v/prl_medclipsam/MedCLIP-SAMv2/parent_repro_brain600/coarse/2982.png,"A medical brain MRI scan showing an infiltrative, irregularly shaped mass suggestive of a glioma tumor."
2982,High-overlap residual,H1,0.0,0.0,0.9333333333333333,0.9333333333333332,"(280, 206, 343, 317)",/home/hpc/rlvl/rlvl178v/prl_medclipsam/authors_segmentation_data/data/brain_tumors/test_images/2982.png,/home/hpc/rlvl/rlvl178v/prl_medclipsam/authors_segmentation_data/data/brain_tumors/test_masks/2982.png,/home/hpc/rlvl/rlvl178v/prl_medclipsam/MedCLIP-SAMv2/parent_repro_brain600/highop/H1_verb/sam/2982.png,/home/hpc/rlvl/rlvl178v/prl_medclipsam/MedCLIP-SAMv2/parent_repro_brain600/highop/H1_verb/coarse/2982.png,"A medical brain MRI scan demonstrating an infiltrative, irregularly shaped mass suggestive of a glioma tumor."
762,Failure and recovery,H0,0.9526157217200767,0.9526157217200768,1.0,1.0,"(134, 208, 195, 269)",/home/hpc/rlvl/rlvl178v/prl_medclipsam/authors_segmentation_data/data/brain_tumors/test_images/762.png,/home/hpc/rlvl/rlvl178v/prl_medclipsam/authors_segmentation_data/data/brain_tumors/test_masks/762.png,/home/hpc/rlvl/rlvl178v/prl_medclipsam/MedCLIP-SAMv2/parent_repro_brain600/sam/762.png,/home/hpc/rlvl/rlvl178v/prl_medclipsam/MedCLIP-SAMv2/parent_repro_brain600/coarse/762.png,"A brain MRI identifying an ill-defined, invasive mass indicative of a glioma tumor."
762,Failure and recovery,L4,0.0,0.0,0.0,0.0,"(282, 180, 365, 263)",/home/hpc/rlvl/rlvl178v/prl_medclipsam/authors_segmentation_data/data/brain_tumors/test_images/762.png,/home/hpc/rlvl/rlvl178v/prl_medclipsam/authors_segmentation_data/data/brain_tumors/test_masks/762.png,/home/hpc/rlvl/rlvl178v/prl_medclipsam/MedCLIP-SAMv2/parent_repro_brain600/language_ladder/L4_concise/sam/762.png,/home/hpc/rlvl/rlvl178v/prl_medclipsam/MedCLIP-SAMv2/parent_repro_brain600/language_ladder/L4_concise/coarse/762.png,"An ill-defined, invasive mass consistent with a glioma tumor."
762,Failure and recovery,L5,0.9526157217200767,0.9526157217200768,1.0,1.0,"(134, 208, 195, 269)",/home/hpc/rlvl/rlvl178v/prl_medclipsam/authors_segmentation_data/data/brain_tumors/test_images/762.png,/home/hpc/rlvl/rlvl178v/prl_medclipsam/authors_segmentation_data/data/brain_tumors/test_masks/762.png,/home/hpc/rlvl/rlvl178v/prl_medclipsam/MedCLIP-SAMv2/parent_repro_brain600/language_ladder/L5_broad/sam/762.png,/home/hpc/rlvl/rlvl178v/prl_medclipsam/MedCLIP-SAMv2/parent_repro_brain600/language_ladder/L5_broad/coarse/762.png,A brain MRI showing a glioma tumor.
2816,Broad-description rescue,H0,0.0,0.0,1.0,1.0,"(134, 170, 197, 253)",/home/hpc/rlvl/rlvl178v/prl_medclipsam/authors_segmentation_data/data/brain_tumors/test_images/2816.png,/home/hpc/rlvl/rlvl178v/prl_medclipsam/authors_segmentation_data/data/brain_tumors/test_masks/2816.png,/home/hpc/rlvl/rlvl178v/prl_medclipsam/MedCLIP-SAMv2/parent_repro_brain600/sam/2816.png,/home/hpc/rlvl/rlvl178v/prl_medclipsam/MedCLIP-SAMv2/parent_repro_brain600/coarse/2816.png,"A medical brain MRI scan detecting a diffuse, infiltrative mass suggestive of a glioma tumor."
2816,Broad-description rescue,L5,0.9044666984581148,0.9044666984581148,0.0,0.0,"(218, 180, 333, 259)",/home/hpc/rlvl/rlvl178v/prl_medclipsam/authors_segmentation_data/data/brain_tumors/test_images/2816.png,/home/hpc/rlvl/rlvl178v/prl_medclipsam/authors_segmentation_data/data/brain_tumors/test_masks/2816.png,/home/hpc/rlvl/rlvl178v/prl_medclipsam/MedCLIP-SAMv2/parent_repro_brain600/language_ladder/L5_broad/sam/2816.png,/home/hpc/rlvl/rlvl178v/prl_medclipsam/MedCLIP-SAMv2/parent_repro_brain600/language_ladder/L5_broad/coarse/2816.png,A brain MRI showing a glioma tumor.
