prompt1,prompt2,text_cosine_similarity,text_cosine_distance,text_euclidean_normalized,heatmap_mae_mean,heatmap_corr_distance_mean,box_instability_mean,n_observations,text_distance_quartile
P01,P02,0.9563780426979065,0.043621957302093506,0.29537054896354675,0.012123989616520654,0.04606886930093136,0.3314951242264922,60,Q1_nearest
P01,P03,0.9284719228744507,0.07152807712554932,0.37822750210762024,0.012728671139726987,0.05478241853714175,0.35133024774335897,60,Q3
P01,P04,0.9317556023597717,0.06824439764022827,0.36944374442100525,0.015920220944099076,0.07870439730718332,0.42223546832304126,60,Q2
P01,P05,0.9735382795333862,0.02646172046661377,0.23005080223083496,0.00906487765799582,0.02636236900704825,0.22645112674329065,60,Q1_nearest
P01,P06,0.940139889717102,0.05986011028289795,0.346005916595459,0.01312757756871477,0.06834958268444834,0.35005196927369125,60,Q2
P01,P07,0.9478774666786194,0.052122533321380615,0.32286977767944336,0.010106935767301619,0.036878573996823476,0.1695012952647155,60,Q2
P01,P08,0.9819416999816895,0.018058300018310547,0.19004371762275696,0.008059830707497842,0.023975162657106197,0.2814119877979552,60,Q1_nearest
P01,P09,0.9398355484008789,0.060164451599121094,0.34688448905944824,0.011844771037188624,0.055922222203800644,0.21769980196335892,60,Q2
P01,P10,0.9203121662139893,0.07968783378601074,0.399218887090683,0.014726401372657422,0.06443161297911003,0.449859465135751,60,Q3
P01,P11,0.965704083442688,0.03429591655731201,0.26190006732940674,0.011412973647626687,0.03985152482590559,0.2796804633095122,60,Q1_nearest
P01,P12,0.9403162002563477,0.059683799743652344,0.3454960584640503,0.013457253831438675,0.07494066093156487,0.2912613580728466,60,Q2
P01,P13,0.9796158075332642,0.02038419246673584,0.20191150903701782,0.007387109694536722,0.016540200421121812,0.20472078243500388,60,Q1_nearest
P01,P14,0.969436764717102,0.03056323528289795,0.24723735451698303,0.0115527769705901,0.03460910102035148,0.2709514208466168,60,Q1_nearest
P01,P15,0.8789675235748291,0.1210324764251709,0.49200090765953064,0.019919139379635405,0.11212235500371633,0.327069144716561,60,Q4_farthest
P01,P16,0.9735496044158936,0.026450395584106445,0.23000138998031616,0.008763673876334553,0.030051994275244482,0.19536295458683373,60,Q1_nearest
P01,P17,0.9703353643417358,0.02966463565826416,0.24357570707798004,0.012486792285926595,0.06501077588147951,0.37584759652063254,60,Q1_nearest
P01,P18,0.9402556419372559,0.05974435806274414,0.3456712067127228,0.013754502326870909,0.07828602743881358,0.30254498068445307,60,Q2
P01,P19,0.9241426587104797,0.07585734128952026,0.3895055651664734,0.014172240137122519,0.07483408359995855,0.3189090579904662,60,Q3
P01,P20,0.985451340675354,0.014548659324645996,0.17057937383651733,0.007161739356039655,0.01994080641732984,0.20679295502234918,60,Q1_nearest
P02,P03,0.9005908966064453,0.09940910339355469,0.44589027762413025,0.01487602146031951,0.09652676965551059,0.40636224437162477,60,Q4_farthest
P02,P04,0.916333794593811,0.08366620540618896,0.40906283259391785,0.01761524766528353,0.10189194126564334,0.5181137174094375,60,Q3
P02,P05,0.9637320041656494,0.036267995834350586,0.2693254053592682,0.01237331886077295,0.05819510957021748,0.4037812868806549,60,Q1_nearest
P02,P06,0.9188294410705566,0.08117055892944336,0.40291592478752136,0.015207923207587203,0.11904412408984782,0.4140920119847949,60,Q3
P02,P07,0.9456000328063965,0.054399967193603516,0.32984843850135803,0.013240708569840791,0.05951252319834426,0.3620245556205305,60,Q2
P02,P08,0.9638774991035461,0.03612250089645386,0.2687843441963196,0.010426226487227972,0.04230895376661189,0.3624319550377068,60,Q1_nearest
P02,P09,0.9029591679573059,0.09704083204269409,0.44054681062698364,0.014090751484036398,0.09858034050643232,0.3455621646964477,60,Q4_farthest
P02,P10,0.9260773062705994,0.07392269372940063,0.3845066428184509,0.012703089189017141,0.0790455290177552,0.5129635780610208,60,Q3
P02,P11,0.9530732035636902,0.046926796436309814,0.3063550591468811,0.011379343907659203,0.06595511726146942,0.4464013783666584,60,Q1_nearest
P02,P12,0.9451150894165039,0.054884910583496094,0.33131518959999084,0.013825279881711998,0.09222140511473689,0.32382275748321804,60,Q2
P02,P13,0.9657061100006104,0.03429388999938965,0.2618926167488098,0.010525871103163765,0.04100225615806529,0.345904217632286,60,Q1_nearest
P02,P14,0.9712396264076233,0.02876037359237671,0.239834725856781,0.010674631572328463,0.043855428409513224,0.31873908336851187,60,Q1_nearest
P02,P15,0.8480924367904663,0.1519075632095337,0.5511942505836487,0.021620052478586584,0.1509141264807799,0.4998610081270451,60,Q4_farthest
P02,P16,0.9743918180465698,0.025608181953430176,0.22631043195724487,0.009513280858906563,0.03732123108560406,0.35327927631710776,60,Q1_nearest
P02,P17,0.931816816329956,0.06818318367004395,0.3692777752876282,0.013907818729057862,0.06916922465388599,0.4038050925138726,60,Q2
P02,P18,0.90141761302948,0.09858238697052002,0.444032222032547,0.015548343467526092,0.13700021180618321,0.4461542103220386,60,Q4_farthest
P02,P19,0.9179306626319885,0.08206933736801147,0.405140221118927,0.015690527033681623,0.0946307237461426,0.41179031695599755,60,Q3
P02,P20,0.9692792296409607,0.030720770359039307,0.24787405133247375,0.009465427743270942,0.0314174935079998,0.24922899085865408,60,Q1_nearest
P03,P04,0.8596580028533936,0.14034199714660645,0.5297960042953491,0.020571668764265822,0.1333217762587726,0.3969869465126566,60,Q4_farthest
P03,P05,0.9145147800445557,0.08548521995544434,0.41348570585250854,0.013784219949350956,0.07487990313772702,0.36423865445020687,60,Q3
P03,P06,0.94752037525177,0.05247962474822998,0.32397401332855225,0.010346264912125919,0.05483555125674308,0.30771163752136405,60,Q2
P03,P07,0.8851491212844849,0.11485087871551514,0.47927209734916687,0.015147717103051595,0.07621453868732547,0.39375671149934405,60,Q4_farthest
P03,P08,0.9286779761314392,0.07132202386856079,0.3776823580265045,0.011086487374268423,0.04256521317620119,0.2588610234041726,60,Q3
P03,P09,0.9392753839492798,0.060724616050720215,0.34849536418914795,0.011322030079706207,0.05714052444560354,0.2752939012231988,60,Q2
P03,P10,0.9176183938980103,0.08238160610198975,0.4059101343154907,0.011877984914462961,0.05889826430906439,0.3895413164294795,60,Q3
P03,P11,0.9066615104675293,0.0933384895324707,0.43206122517585754,0.013390735765763821,0.09110746933837857,0.3790174313204965,60,Q3
P03,P12,0.9298677444458008,0.07013225555419922,0.37451881170272827,0.012502432533074124,0.06215440488768383,0.24404749541585297,60,Q3
P03,P13,0.9244085550308228,0.07559144496917725,0.38882240653038025,0.012893463341363964,0.06151297375383557,0.35759308661173406,60,Q3
P03,P14,0.9406744241714478,0.059325575828552246,0.34445756673812866,0.009964504729335463,0.04524348092091164,0.2550018063240318,60,Q2
P03,P15,0.856167733669281,0.143832266330719,0.5363435745239258,0.021430048191298998,0.1246751683361282,0.46523200855539554,60,Q4_farthest
P03,P16,0.9137579798698425,0.08624202013015747,0.4153119921684265,0.014549536898266473,0.08419428759838485,0.36671519249021156,60,Q3
P03,P17,0.8909308910369873,0.1090691089630127,0.46705254912376404,0.016699290842128248,0.08874851368552918,0.36712407342462655,60,Q4_farthest
P03,P18,0.9445825815200806,0.055417418479919434,0.33291852474212646,0.011331501746705374,0.06778979107883704,0.30238037072350454,60,Q2
P03,P19,0.8945056200027466,0.10549437999725342,0.45933493971824646,0.0161473652037481,0.08042976970360212,0.2503106617075113,60,Q4_farthest
P03,P20,0.9299912452697754,0.07000875473022461,0.37418895959854126,0.01323570844251658,0.06513312498938752,0.3371675159844811,60,Q3
P04,P05,0.9208909869194031,0.07910901308059692,0.3977662920951843,0.018341676169075026,0.10307281601406201,0.40566658591112237,60,Q3
P04,P06,0.8859527707099915,0.11404722929000854,0.47759246826171875,0.02004575431346889,0.122168177929814,0.46970883952983056,60,Q4_farthest
P04,P07,0.9243537187576294,0.0756462812423706,0.38896358013153076,0.013680967603189206,0.0663189811931662,0.45483002535396455,60,Q3
P04,P08,0.9163765907287598,0.08362340927124023,0.4089582860469818,0.01842077667824919,0.0975677594334137,0.3596871594894895,60,Q3
P04,P09,0.8910024166107178,0.10899758338928223,0.4668996334075928,0.016668599758607586,0.09672231347000383,0.38185459057689664,60,Q4_farthest
P04,P10,0.8582072257995605,0.14179277420043945,0.5325275659561157,0.021847714150013974,0.16365738837858235,0.4885329357769017,60,Q4_farthest
P04,P11,0.8883965015411377,0.1116034984588623,0.47244793176651,0.02092568265118942,0.14668032077574175,0.5325925227159415,60,Q4_farthest
P04,P12,0.8967376947402954,0.10326230525970459,0.45444995164871216,0.016941134422086127,0.10164443495070512,0.31789117027884367,60,Q4_farthest
P04,P13,0.9484246969223022,0.051575303077697754,0.3211708068847656,0.01613369020633395,0.07263868250758447,0.46283701593777227,60,Q2
P04,P14,0.9030442237854004,0.09695577621459961,0.4403538703918457,0.02161241803939139,0.1348356321080056,0.4038446385286255,60,Q4_farthest
P04,P15,0.9409736394882202,0.059026360511779785,0.3435879945755005,0.013988904491998206,0.05600866254952486,0.46349773563825075,60,Q2
P04,P16,0.9251812696456909,0.07481873035430908,0.3868299424648285,0.017673302014979176,0.09885884553864832,0.4569564595378816,60,Q3
P04,P17,0.9083629846572876,0.0916370153427124,0.4281051456928253,0.014448413792221447,0.07288136333697488,0.46242290138259423,60,Q3
P04,P18,0.8893088102340698,0.11069118976593018,0.4705127477645874,0.021321992102699926,0.13896756082535106,0.4146416901509795,60,Q4_farthest
P04,P19,0.9690867066383362,0.03091329336166382,0.248649463057518,0.012568544014356977,0.05316113025477473,0.31806692154833355,60,Q1_nearest
P04,P20,0.9409348368644714,0.059065163135528564,0.3437008857727051,0.016279163273672216,0.08715488783438938,0.43371869773570926,60,Q2
P05,P06,0.9272795915603638,0.07272040843963623,0.38136714696884155,0.013989605510141657,0.08523683647280506,0.41758021219146924,60,Q3
P05,P07,0.9422244429588318,0.05777555704116821,0.3399282693862915,0.013084766268730114,0.05521036283590624,0.28334714616365364,60,Q2
P05,P08,0.9719293713569641,0.02807062864303589,0.2369418740272522,0.009071239462355109,0.04345141380861298,0.3459025248351587,60,Q1_nearest
P05,P09,0.9147903323173523,0.0852096676826477,0.4128187894821167,0.012949611475535935,0.06474044023133928,0.2920515544975141,60,Q3
P05,P10,0.9482733011245728,0.051726698875427246,0.3216417729854584,0.012388013470141788,0.06078960450447254,0.4419541319119454,60,Q2
P05,P11,0.9593601226806641,0.04063987731933594,0.2850961983203888,0.009173168381676026,0.03157234477095302,0.3479076182382184,60,Q1_nearest
P05,P12,0.9345093965530396,0.06549060344696045,0.3619133532047272,0.014266156870871731,0.08668200475316203,0.3956251483619249,60,Q2
P05,P13,0.9804692268371582,0.019530773162841797,0.19763995707035065,0.006971247188630467,0.02116023362581124,0.28784704370765535,60,Q1_nearest
P05,P14,0.9731873273849487,0.02681267261505127,0.23157145082950592,0.010043550403012531,0.04338430764116193,0.3461461750291753,60,Q1_nearest
P05,P15,0.8422690033912659,0.15773099660873413,0.56166011095047,0.02255109325051303,0.14460442790359793,0.41247762421732653,60,Q4_farthest
P05,P16,0.9874081611633301,0.012591838836669922,0.15869443118572235,0.006604680618814451,0.018672490960792192,0.2484741043424682,60,Q1_nearest
P05,P17,0.9314438104629517,0.06855618953704834,0.3702870011329651,0.016289318461591946,0.10824079611129557,0.4749563596341469,60,Q2
P05,P18,0.9374213218688965,0.06257867813110352,0.35377612709999084,0.013156508557343183,0.07734365176722412,0.2587980300383899,60,Q2
P05,P19,0.9223482012748718,0.07765179872512817,0.39408570528030396,0.01623519287289426,0.10130491571030466,0.3935859192665337,60,Q3
P05,P20,0.9727347493171692,0.02726525068283081,0.23351819813251495,0.008148456198008058,0.03051485538470942,0.3153051692486731,60,Q1_nearest
P06,P07,0.9051995873451233,0.09480041265487671,0.4354317784309387,0.015625178107681326,0.08642047044643235,0.39898949577066284,60,Q4_farthest
P06,P08,0.9388800859451294,0.061119914054870605,0.34962818026542664,0.012832350252817032,0.06671580015490562,0.2696244242866806,60,Q2
P06,P09,0.9458247423171997,0.05417525768280029,0.32916635274887085,0.009616055756729662,0.039234214459001424,0.3279774268750493,60,Q2
P06,P10,0.8907078504562378,0.10929214954376221,0.4675302803516388,0.013427275380430075,0.11055467496221344,0.4109458856950195,60,Q4_farthest
P06,P11,0.9338375329971313,0.06616246700286865,0.36376509070396423,0.012459722312632895,0.09424874122823833,0.39270123740711604,60,Q2
P06,P12,0.970543622970581,0.029456377029418945,0.24271968007087708,0.010362163686659142,0.03356016057891034,0.2810386830030181,60,Q1_nearest
P06,P13,0.9432820081710815,0.05671799182891846,0.33680275082588196,0.012252939987229134,0.06831710798903239,0.3243421689420599,60,Q2
P06,P14,0.9558998346328735,0.044100165367126465,0.2969852685928345,0.010063518349003622,0.06498943308943293,0.2773633719220606,60,Q1_nearest
P06,P15,0.8804724812507629,0.11952751874923706,0.48893269896507263,0.020882883543769475,0.09440551393450093,0.4761290284011483,60,Q4_farthest
P06,P16,0.9235054850578308,0.07649451494216919,0.39113831520080566,0.01531297440718234,0.10621784205587913,0.3512197700457322,60,Q3
P06,P17,0.9099001288414001,0.09009987115859985,0.42449939250946045,0.01713903407411025,0.10862804520392304,0.34295978799838434,60,Q3
P06,P18,0.9678285121917725,0.03217148780822754,0.25365936756134033,0.007025098773495556,0.03132442343443081,0.3287828598116722,60,Q1_nearest
P06,P19,0.8861393332481384,0.11386066675186157,0.4772017002105713,0.018994629142495445,0.11822457543713512,0.32459684628336116,60,Q4_farthest
P06,P20,0.9437958598136902,0.056204140186309814,0.3352735936641693,0.013232001134504828,0.07078326602262983,0.3879736677696105,60,Q2
P07,P08,0.9329298734664917,0.0670701265335083,0.36625200510025024,0.013362372810176208,0.06086326057779893,0.34567070980999226,60,Q2
P07,P09,0.901358962059021,0.098641037940979,0.444164514541626,0.013677432116431448,0.07199034986303181,0.28070910728965676,60,Q4_farthest
P07,P10,0.8986033797264099,0.10139662027359009,0.45032578706741333,0.016688182492119515,0.08970892286285355,0.4705525345288825,60,Q4_farthest
P07,P11,0.9266922473907471,0.07330775260925293,0.3829041123390198,0.01421994336027026,0.07379147632319968,0.30721761655549684,60,Q3
P07,P12,0.9125281572341919,0.0874718427658081,0.418262779712677,0.01465341198102876,0.08245662408266995,0.3563484785758654,60,Q3
P07,P13,0.9522184729576111,0.047781527042388916,0.3091328740119934,0.011480744574995046,0.03940907914900045,0.28608641794895207,60,Q1_nearest
P07,P14,0.945938229560852,0.05406177043914795,0.32882142066955566,0.01417312095096951,0.05792999420769833,0.3166047978169107,60,Q2
P07,P15,0.8543489575386047,0.14565104246139526,0.5397241711616516,0.018440160000075853,0.09517278444922396,0.359612107158575,60,Q4_farthest
P07,P16,0.9519749879837036,0.04802501201629639,0.3099195063114166,0.011431262370509353,0.044324708374313224,0.24078234213876798,60,Q1_nearest
P07,P17,0.9215607643127441,0.07843923568725586,0.396078884601593,0.014636390570861546,0.07464169539702156,0.4516574001573065,60,Q3
P07,P18,0.8978101015090942,0.10218989849090576,0.45208409428596497,0.016427706216927566,0.10426393132941938,0.3671957889035664,60,Q4_farthest
P07,P19,0.914588212966919,0.08541178703308105,0.4133082628250122,0.012934422702528488,0.0648795020183883,0.36260847844461563,60,Q3
P07,P20,0.9395893812179565,0.06041061878204346,0.34759363532066345,0.01229910090720897,0.05491054937388775,0.2935557306637195,60,Q2
P08,P09,0.9183828234672546,0.08161717653274536,0.40402287244796753,0.013333247252739917,0.06592038071102842,0.2729975248149938,60,Q3
P08,P10,0.9360432624816895,0.06395673751831055,0.35764995217323303,0.012366011238191236,0.052968998281527416,0.3552145146916173,60,Q2
P08,P11,0.9671062231063843,0.03289377689361572,0.25649145245552063,0.010461886919802005,0.05612270949284998,0.34410482897373423,60,Q1_nearest
P08,P12,0.9494338035583496,0.05056619644165039,0.31801337003707886,0.011980460095219256,0.05715633113142022,0.20295023493545036,60,Q2
P08,P13,0.9773156046867371,0.02268439531326294,0.21300008893013,0.008350000460632095,0.02874606834885315,0.2629229868975681,60,Q1_nearest
P08,P14,0.973626971244812,0.02637302875518799,0.22966524958610535,0.009596667822916015,0.030120026767170575,0.22944896463636166,60,Q1_nearest
P08,P15,0.8556984663009644,0.14430153369903564,0.5372181534767151,0.02157833985984321,0.1285082327866777,0.4331375514673503,60,Q4_farthest
P08,P16,0.9700047969818115,0.029995203018188477,0.24493011832237244,0.009139712216953385,0.045805204748034185,0.29883124903299324,60,Q1_nearest
P08,P17,0.9591866731643677,0.040813326835632324,0.2857040464878082,0.012794104800559534,0.05122824877575411,0.275024686429902,60,Q1_nearest
P08,P18,0.9330710768699646,0.0669289231300354,0.36586618423461914,0.013477195556818778,0.08404895787657299,0.3475987227133748,60,Q2
P08,P19,0.9198641180992126,0.08013588190078735,0.40033963322639465,0.014736891863867592,0.0723373456351198,0.24652146214251275,60,Q3
P08,P20,0.9773545265197754,0.02264547348022461,0.21281714737415314,0.00829147654197485,0.02825200752217764,0.28960140290150765,60,Q1_nearest
P09,P10,0.8618297576904297,0.1381702423095703,0.5256809592247009,0.014491303334943905,0.10462934950457854,0.39552057505049576,60,Q4_farthest
P09,P11,0.9124609231948853,0.08753907680511475,0.4184235632419586,0.01322972538182508,0.08702728817627269,0.3387149022924474,60,Q3
P09,P12,0.9507544040679932,0.049245595932006836,0.3138328790664673,0.010436786261076681,0.04085789340298997,0.26775892935665085,60,Q2
P09,P13,0.9350526332855225,0.06494736671447754,0.360409140586853,0.011767491597371746,0.05039474068340453,0.28266040784443375,60,Q2
P09,P14,0.9168051481246948,0.08319485187530518,0.40790876746177673,0.01249885816359887,0.06904496836510439,0.2231836567758542,60,Q3
P09,P15,0.8958208560943604,0.10417914390563965,0.45646288990974426,0.018142419176486582,0.08938729595428975,0.36515078072298723,60,Q4_farthest
P09,P16,0.9306457042694092,0.06935429573059082,0.3724360764026642,0.012989231571555087,0.07345240245778488,0.2731784474401232,60,Q3
P09,P17,0.9062442183494568,0.09375578165054321,0.43302592635154724,0.015446449086690893,0.0993069369143586,0.4147898817575077,60,Q3
P09,P18,0.965350329875946,0.034649670124053955,0.26324760913848877,0.008941205627828167,0.026081641349787757,0.23207292614078312,60,Q1_nearest
P09,P19,0.8736451864242554,0.12635481357574463,0.5027021765708923,0.017144636701171556,0.11109316726963674,0.2567053993370485,60,Q4_farthest
P09,P20,0.9546013474464417,0.04539865255355835,0.30132561922073364,0.010096341398699783,0.04130764524352681,0.24692534406874594,60,Q1_nearest
P10,P11,0.9286946058273315,0.07130539417266846,0.37763842940330505,0.01085555048193778,0.060269797195624635,0.36094897500863515,60,Q3
P10,P12,0.8978493213653564,0.10215067863464355,0.4519970118999481,0.01570693176084504,0.10877086786476653,0.426773369502355,60,Q4_farthest
P10,P13,0.9328321218490601,0.06716787815093994,0.3665187656879425,0.01257423986680801,0.05963261993918704,0.413649539910445,60,Q2
P10,P14,0.9516284465789795,0.04837155342102051,0.3110353350639343,0.008888653941297234,0.039789616251424624,0.3950995068859865,60,Q2
P10,P15,0.7795023918151855,0.22049760818481445,0.664074718952179,0.025694795977324193,0.20805711606978144,0.5641377609473054,60,Q4_farthest
P10,P16,0.9339942932128906,0.06600570678710938,0.36333391070365906,0.013405139321306046,0.06254578603797757,0.4199728441606945,60,Q2
P10,P17,0.8846007585525513,0.11539924144744873,0.48041486740112305,0.018411022929164224,0.12609629882944112,0.4386366375737098,60,Q4_farthest
P10,P18,0.8898473978042603,0.11015260219573975,0.46936699748039246,0.012743994463623143,0.10517879120518153,0.4192470766863413,60,Q4_farthest
P10,P19,0.900323748588562,0.09967625141143799,0.4464890658855438,0.01828013209936515,0.10850210103678976,0.4167953663084118,60,Q4_farthest
P10,P20,0.9205917119979858,0.07940828800201416,0.39851781725883484,0.013600655187231754,0.06291371768536759,0.48786931749864565,60,Q3
P11,P12,0.9227064251899719,0.07729357481002808,0.39317575097084045,0.015350548674662855,0.10842790309504084,0.4168568167368339,60,Q3
P11,P13,0.9547126293182373,0.045287370681762695,0.30095672607421875,0.010599283082410637,0.044881202202670466,0.27457065300366923,60,Q1_nearest
P11,P14,0.9729346632957458,0.02706533670425415,0.2326602041721344,0.00762818260312385,0.04335690718443501,0.3558644828123628,60,Q1_nearest
P11,P15,0.8361523151397705,0.1638476848602295,0.572446882724762,0.02398146161188677,0.176861655025257,0.48048493511102064,60,Q4_farthest
P11,P16,0.9527825117111206,0.047217488288879395,0.30730313062667847,0.01042843178341471,0.04598418761773261,0.3157782938756034,60,Q1_nearest
P11,P17,0.937185525894165,0.06281447410583496,0.35444197058677673,0.017747435679969645,0.12560890693500026,0.46738014578694664,60,Q2
P11,P18,0.9252933263778687,0.07470667362213135,0.38654041290283203,0.012197260783674762,0.09064302790584614,0.39508552048807066,60,Q3
P11,P19,0.8939511179924011,0.10604888200759888,0.46054065227508545,0.018495167287376976,0.12919530518086486,0.42065011996996504,60,Q4_farthest
P11,P20,0.9580091834068298,0.041990816593170166,0.28979596495628357,0.010832313597590302,0.0479941075007648,0.3405036247512222,60,Q1_nearest
P12,P13,0.9487820863723755,0.05121791362762451,0.320056289434433,0.012625991308595938,0.07009371139384771,0.31454799438138026,60,Q2
P12,P14,0.9418182373046875,0.0581817626953125,0.3411209285259247,0.014512669818941452,0.07557760632540442,0.2260709008736786,60,Q2
P12,P15,0.8865208625793457,0.1134791374206543,0.47640132904052734,0.017428789691378625,0.08488499101420903,0.44379720176887283,60,Q4_farthest
P12,P16,0.9477973580360413,0.05220264196395874,0.3231183588504791,0.01373779195904106,0.09058815866606582,0.3299552552648655,60,Q2
P12,P17,0.9210295677185059,0.07897043228149414,0.39741775393486023,0.014543929595189738,0.07672724322754204,0.32382240803120405,60,Q3
P12,P18,0.9527834057807922,0.047216594219207764,0.3072996735572815,0.012790042305520381,0.06043879337779945,0.3774990796147106,60,Q1_nearest
P12,P19,0.8963998556137085,0.1036001443862915,0.4551923871040344,0.01519080577418203,0.0948272489158057,0.21568969380583528,60,Q4_farthest
P12,P20,0.9566044807434082,0.0433955192565918,0.2946031391620636,0.011187094294776469,0.06302501985008122,0.27667876766032057,60,Q1_nearest
P13,P14,0.9694627523422241,0.03053724765777588,0.24713271856307983,0.009904907564244496,0.03472474879909818,0.28460319844600157,60,Q1_nearest
P13,P15,0.8731438517570496,0.12685614824295044,0.5036986470222473,0.021615955264617955,0.12456491082628422,0.43689905838870485,60,Q4_farthest
P13,P16,0.980423092842102,0.01957690715789795,0.19787363708019257,0.007426108326762865,0.02316950686470188,0.2571763163377573,60,Q1_nearest
P13,P17,0.9462146759033203,0.05378532409667969,0.32797977328300476,0.013678838592022607,0.07368161052015985,0.3800457217545546,60,Q2
P13,P18,0.9415984153747559,0.05840158462524414,0.34176507592201233,0.012276328444325628,0.07317228595387822,0.34354276997699174,60,Q2
P13,P19,0.934947669506073,0.065052330493927,0.3607002794742584,0.01520620393566782,0.08236018555726449,0.3510888879501081,60,Q2
P13,P20,0.9849038124084473,0.015096187591552734,0.17376016080379486,0.006275551608996418,0.017027701224404324,0.24479222212626142,60,Q1_nearest
P14,P15,0.8401033282279968,0.15989667177200317,0.5655027031898499,0.02479425412602718,0.1625032437562647,0.46329499313028955,60,Q4_farthest
P14,P16,0.9683892130851746,0.03161078691482544,0.2514392137527466,0.010862622867959188,0.043578224003678924,0.2898885657226578,60,Q1_nearest
P14,P17,0.9311676621437073,0.06883233785629272,0.3710317313671112,0.017568761715665404,0.09868529657309837,0.36585540139367656,60,Q3
P14,P18,0.9343066215515137,0.06569337844848633,0.36247316002845764,0.010554300002210412,0.07903595938607737,0.3343603877784202,60,Q2
P14,P19,0.9189649820327759,0.08103501796722412,0.4025791585445404,0.017926549375988494,0.09403487698406422,0.2791287276286866,60,Q3
P14,P20,0.9689786434173584,0.0310213565826416,0.2490835040807724,0.0109024836410147,0.031849046739189084,0.26272720522210385,60,Q1_nearest
P15,P16,0.8512274622917175,0.14877253770828247,0.5454770922660828,0.021925767417997077,0.15219528595713086,0.37224605089687157,60,Q4_farthest
P15,P17,0.8722127676010132,0.12778723239898682,0.5055437088012695,0.0175251499516889,0.08944250927990165,0.48684604788228225,60,Q4_farthest
P15,P18,0.8727275133132935,0.12727248668670654,0.5045245885848999,0.02281213934378073,0.13047649120922883,0.44828851376542805,60,Q4_farthest
P15,P19,0.9280099868774414,0.0719900131225586,0.37944701313972473,0.014540889618607809,0.07612099723826257,0.3455785920767288,60,Q3
P15,P20,0.880951464176178,0.11904853582382202,0.48795199394226074,0.020853475884844815,0.13045557319379927,0.43298639059584654,60,Q4_farthest
P16,P17,0.9285460710525513,0.07145392894744873,0.3780316412448883,0.015665249976639897,0.10250741182672722,0.38602593326071605,60,Q3
P16,P18,0.930245041847229,0.069754958152771,0.3735106289386749,0.014517835287066749,0.10044179526808274,0.3540168142235872,60,Q3
P16,P19,0.926120400428772,0.07387959957122803,0.3843946158885956,0.014940530271269336,0.09696287906946212,0.32212965877299277,60,Q3
P16,P20,0.9835692048072815,0.016430795192718506,0.18127773702144623,0.006746818455091315,0.02372435372682413,0.25749248568045185,60,Q1_nearest
P17,P18,0.8952060341835022,0.1047939658164978,0.4578076899051666,0.019169886658589,0.15118754954657743,0.48307170875119687,60,Q4_farthest
P17,P19,0.8939125537872314,0.10608744621276855,0.4606243371963501,0.014630590829377328,0.0709929513545931,0.3590350250007179,60,Q4_farthest
P17,P20,0.9463922381401062,0.0536077618598938,0.3274376690387726,0.013966072738791458,0.0811826882835689,0.4000898117448448,60,Q2
P18,P19,0.8806087374687195,0.11939126253128052,0.48865383863449097,0.02027483245668307,0.14845258875465212,0.36354305856658514,60,Q4_farthest
P18,P20,0.9486929774284363,0.05130702257156372,0.32033437490463257,0.012763040541904,0.0666966090577043,0.3625652862170871,60,Q2
P19,P20,0.9303586483001709,0.0696413516998291,0.3732060492038727,0.015068968237998534,0.09410922520265977,0.34031263553381846,60,Q3
