case,mean_pairwise_box_iou,risk_1_minus_mean_pairwise_iou
100,0.8816402909348586,0.11835970906514137
1004,0.8596562295053674,0.14034377049463265
1007,0.8983307904254455,0.1016692095745545
1008,0.9412462812525493,0.05875371874745072
1011,0.8586169447799429,0.14138305522005712
1015,0.9399041535633414,0.06009584643665855
1016,0.915425321643809,0.08457467835619104
102,0.8853551639738005,0.11464483602619946
1023,0.9027472137625862,0.09725278623741385
1027,0.8687677697119585,0.13123223028804154
1029,0.6666666666666666,0.33333333333333337
1031,0.6348206655019972,0.36517933449800277
1035,0.9233956959816972,0.07660430401830276
1037,0.940197561775623,0.05980243822437703
1039,0.8754943258051305,0.12450567419486946
1040,0.8627543826485622,0.1372456173514378
1041,0.831353805306008,0.168646194693992
1047,0.9488944277393482,0.05110557226065182
1053,0.9328964395165773,0.0671035604834227
1054,0.7683555596297945,0.23164444037020548
1057,0.8910832300413888,0.10891676995861121
1060,0.8958324876359784,0.10416751236402155
1061,0.7570070006067218,0.24299299939327823
1069,0.8889702406446877,0.11102975935531234
1072,0.8859688504567779,0.11403114954322213
1073,0.6789784741795498,0.3210215258204502
1074,0.8395772780963013,0.16042272190369866
1078,0.9409476842747065,0.05905231572529346
108,0.932782975463878,0.067217024536122
1084,0.9286827208912708,0.0713172791087292
1085,0.9431187243741624,0.05688127562583756
1089,0.9487326467219063,0.05126735327809373
1092,0.9809617918313569,0.0190382081686431
1093,0.8399489626977024,0.16005103730229764
1096,0.8637490104662692,0.13625098953373083
1103,0.9037297216542406,0.09627027834575941
1107,0.9140597758328061,0.08594022416719393
1111,0.6291666666666667,0.37083333333333335
1113,0.8619655899998175,0.13803441000018246
1114,0.943095834825158,0.05690416517484198
1118,0.9146031786286495,0.08539682137135052
1120,0.9368470123357664,0.0631529876642336
1123,0.8525456223645327,0.14745437763546732
1124,0.7219189108894992,0.2780810891105008
1125,0.9159410482646775,0.08405895173532252
1126,0.9243619269403068,0.07563807305969317
1130,0.8939924572067428,0.10600754279325719
1134,0.9114698178121823,0.08853018218781772
1137,0.8513009854594242,0.14869901454057577
1138,0.90226883473248,0.09773116526752001
114,0.8880353306823896,0.1119646693176104
1140,0.9488383119962069,0.05116168800379306
1144,0.9785764622973925,0.02142353770260752
1146,0.9593198131700912,0.040680186829908815
1148,0.885658914728682,0.11434108527131803
1149,0.8462639182563431,0.15373608174365694
1150,0.8246801140399529,0.1753198859600471
1156,0.8777067298893588,0.12229327011064117
1160,0.6180393811769558,0.3819606188230442
1163,0.9334275376028759,0.06657246239712411
1165,0.7607381979445549,0.23926180205544512
1169,0.9389704764277821,0.061029523572217914
117,0.941918429271234,0.05808157072876596
1170,0.8175601925412341,0.18243980745876587
1177,0.7629379317383709,0.23706206826162912
1178,0.9631150211795371,0.03688497882046293
1179,0.8406382595168164,0.15936174048318363
1189,1.0,0.0
1192,0.8374068293259741,0.1625931706740259
121,0.6999238316831744,0.3000761683168256
1211,0.9099266955489392,0.09007330445106076
122,0.8857182163104816,0.11428178368951836
1223,0.6345198644780485,0.36548013552195147
1225,0.8696900034831069,0.13030999651689312
1239,0.8661510373893171,0.1338489626106829
124,0.847676004406753,0.15232399559324705
1241,0.9735486514076939,0.026451348592306134
1243,0.9671486837226547,0.03285131627734528
1246,1.0,0.0
1247,0.9929078014184398,0.007092198581560183
1248,0.9346768762897796,0.06532312371022042
1249,0.9368032484311555,0.06319675156884452
1250,0.9426028921023359,0.05739710789766406
1251,0.9822222222222223,0.01777777777777767
1252,0.9880952380952379,0.011904761904762085
1253,0.9671486837226547,0.03285131627734528
1254,0.8677693059628542,0.13223069403714582
1267,0.6129911548820824,0.38700884511791755
1273,0.6666666666666666,0.33333333333333337
1279,0.9116980621862584,0.08830193781374163
128,0.7931998858580085,0.2068001141419915
1280,0.2949684914768744,0.7050315085231256
1281,0.8592063820656749,0.1407936179343251
1282,0.9745374545021424,0.025462545497857647
1283,0.7538880275624462,0.24611197243755378
1293,0.9078410488656079,0.0921589511343921
13,0.8171848582396236,0.1828151417603764
1309,0.9458014931927975,0.05419850680720251
131,0.9490260507124199,0.050973949287580145
1326,0.9263888888888889,0.07361111111111107
1331,0.3801793516560958,0.6198206483439042
1333,0.9418194037145649,0.05818059628543515
1334,0.9512195121951219,0.04878048780487809
1341,0.9316291296982578,0.06837087030174216
1345,0.9657912457912459,0.03420875420875413
1346,0.6089878375592661,0.3910121624407339
1353,0.7777375645635595,0.22226243543644053
1355,0.9777777777777779,0.022222222222222143
1361,0.5229122059600492,0.47708779403995083
1364,0.9822222222222223,0.01777777777777767
1365,0.7156774479971465,0.2843225520028535
1367,0.9380952380952381,0.06190476190476191
1368,0.907249042145594,0.09275095785440601
1370,0.9885057471264367,0.011494252873563315
1371,0.9466666666666668,0.05333333333333323
1372,0.9604761904761904,0.03952380952380963
1373,0.9288978494623658,0.07110215053763425
1378,0.7230693062228322,0.27693069377716784
138,0.9492850761781028,0.05071492382189724
1380,0.8459247822432115,0.15407521775678845
1381,0.9148185937569153,0.08518140624308468
1384,0.8485957690108634,0.15140423098913658
1387,0.9227759155360555,0.07722408446394446
1388,0.8339066587544134,0.1660933412455866
1397,0.8961108216765976,0.10388917832340239
1398,0.9691084760649978,0.030891523935002163
1399,0.9175984210211935,0.08240157897880651
1401,0.3717706286836935,0.6282293713163065
1402,0.8471787413359373,0.1528212586640627
1406,0.940021529888551,0.05997847011144897
1407,0.7776046686566399,0.2223953313433601
1410,0.6722310729314548,0.3277689270685452
1411,0.8240646979283344,0.17593530207166563
1425,0.9462997685406797,0.05370023145932035
1426,0.926644597403797,0.07335540259620299
1435,0.812622196489752,0.18737780351024802
1436,0.8774266573197091,0.12257334268029085
1437,0.9118987086166105,0.08810129138338951
1442,0.7631784186052534,0.23682158139474663
1457,0.8295155283267709,0.1704844716732291
1458,0.8818375407079433,0.11816245929205671
1459,0.7686106534376529,0.2313893465623471
1461,0.8958592942460548,0.10414070575394518
1464,0.8991865587826823,0.10081344121731772
1465,0.9250403437213756,0.07495965627862444
1466,0.8897972794181075,0.11020272058189251
1472,0.8179324183123691,0.18206758168763093
1477,0.8935612417482692,0.10643875825173077
1480,0.8627567652864125,0.13724323471358746
1481,0.7681367606110593,0.2318632393889407
1482,0.9486526393503137,0.05134736064968626
1483,0.909682326891681,0.09031767310831895
1484,0.8929187144809553,0.10708128551904472
1485,0.8544972269110199,0.14550277308898008
1488,0.8771552895269833,0.1228447104730167
1490,0.8537158884102991,0.1462841115897009
1491,0.8917520442520441,0.10824795574795587
1492,0.9395964439210734,0.06040355607892656
1493,0.8803544427377811,0.11964555726221893
1495,0.9855072463768118,0.014492753623188248
1496,0.80036785625853,0.19963214374146998
1497,0.8118419743203866,0.18815802567961337
1498,0.9355481727574751,0.06445182724252485
150,0.8091913281492648,0.19080867185073525
1509,0.8757611971991406,0.12423880280085942
1519,0.8672490900744785,0.13275090992552152
152,0.8776075766081604,0.12239242339183964
1529,0.9623045267489712,0.037695473251028844
1533,0.802477671589823,0.19752232841017703
1534,0.9863636363636362,0.01363636363636378
1535,0.77957303076003,0.22042696923996996
1536,0.8306422553507367,0.16935774464926334
1545,0.5707215955150268,0.42927840448497323
1546,0.788960046102081,0.21103995389791896
1547,0.9669110217110046,0.033088978288995374
1548,0.9391062325100281,0.060893767489971884
1551,0.8223136101127015,0.17768638988729846
1552,0.8974943868605776,0.10250561313942241
1555,0.9082183844584014,0.09178161554159858
1559,0.9122871808589827,0.08771281914101725
156,0.7088022540568614,0.29119774594313863
1560,0.8174173296807885,0.1825826703192115
1563,0.8664508959254289,0.1335491040745711
1564,0.9297204565841072,0.07027954341589282
1574,0.9026605552921344,0.0973394447078656
1575,0.8371338916877878,0.16286610831221215
1577,0.8814109941002743,0.11858900589972565
1579,0.9627781914807618,0.037221808519238175
1583,0.4001686073610017,0.5998313926389983
1585,0.8563286881220926,0.14367131187790738
1587,0.803722720713693,0.196277279286307
1588,0.751315524659662,0.248684475340338
1590,0.8701705501654011,0.12982944983459888
1591,0.8410131041342367,0.1589868958657633
1596,0.9196152628418345,0.08038473715816552
16,0.9895833333333334,0.01041666666666663
1600,0.941124804482717,0.05887519551728304
1601,0.8591573465114134,0.1408426534885866
1619,0.9642424242424242,0.035757575757575766
1628,0.9495245732615418,0.05047542673845817
1629,0.5881728102025974,0.4118271897974026
1630,0.9398679405875578,0.06013205941244215
1644,0.9722943722943724,0.027705627705627567
1645,0.9570370370370368,0.0429629629629632
1646,0.9394662438895494,0.06053375611045064
1647,0.9410786290322581,0.05892137096774186
1648,0.8609893949136816,0.13901060508631835
1656,0.9563218390804599,0.04367816091954013
1657,0.9247311827956989,0.07526881720430112
1665,0.8377400442301878,0.16225995576981223
1666,0.9880952380952379,0.011904761904762085
167,0.93866106375827,0.061338936241730035
1678,0.9131288271538109,0.08687117284618906
1684,0.636297903109183,0.363702096890817
1685,0.5705752359394105,0.4294247640605895
1686,0.7994834967656493,0.20051650323435066
1689,0.9326901847149183,0.06730981528508173
169,0.8102736051848075,0.1897263948151925
1696,0.9231892791551882,0.07681072084481178
1706,0.9761904761904763,0.023809523809523725
1715,0.9822222222222223,0.01777777777777767
1716,0.9122330517767736,0.0877669482232264
1718,0.9306284576302111,0.06937154236978893
1727,0.9110892174767866,0.08891078252321338
1728,0.926778087566396,0.07322191243360399
1729,0.8521245393378877,0.14787546066211232
1730,0.7558176996435217,0.24418230035647825
1734,0.9260974213206299,0.07390257867937011
1735,0.9234726835789803,0.07652731642101973
1736,0.900037813156774,0.099962186843226
174,0.911235188822564,0.08876481117743595
1740,0.8587151431384485,0.14128485686155146
1744,0.9314552272521913,0.06854477274780868
1746,0.9205101912763202,0.07948980872367983
1752,0.9809523809523808,0.019047619047619202
1769,0.8206788304565497,0.17932116954345034
1771,0.9402902902902904,0.05970970970970957
1773,0.92048129621864,0.07951870378135995
1774,0.9272120188905393,0.07278798110946072
1776,0.7722097878137953,0.22779021218620465
1789,1.0,0.0
1796,0.7676094687676238,0.23239053123237619
1798,0.6990663563660064,0.30093364363399355
1807,0.9322834138486313,0.06771658615136866
1816,0.9570370370370368,0.0429629629629632
1824,0.9165761383851156,0.08342386161488435
1825,0.9214627693034037,0.07853723069659635
1826,0.9265575325864274,0.07344246741357263
1827,0.7051069691934871,0.29489303080651286
1829,0.8584241371808531,0.1415758628191469
183,0.9243686868686868,0.07563131313131322
1834,0.7996903624597907,0.20030963754020925
1835,0.924818195186885,0.07518180481311498
1843,0.9146666666666666,0.08533333333333337
1847,0.8702770631264279,0.12972293687357206
1852,0.965675782798256,0.034324217201743945
1853,0.5916311893383823,0.4083688106616177
1858,0.8819250704616697,0.11807492953833032
1863,0.9459918803540968,0.05400811964590324
1869,0.8343024105964498,0.16569758940355017
1879,0.9482249023271616,0.05177509767283839
1880,0.9766830870279145,0.02331691297208549
1882,0.8920478518167433,0.10795214818325671
1886,0.9685483870967742,0.031451612903225845
1890,0.7376599344559883,0.2623400655440117
1894,0.8428950298485242,0.15710497015147584
1900,0.8614146859294076,0.13858531407059238
1901,0.9161929283883562,0.0838070716116438
1902,0.8118712536892025,0.18812874631079746
1910,0.8386315540485432,0.16136844595145683
1911,0.9556084026952043,0.044391597304795694
1917,0.8795190139528203,0.12048098604717972
1933,0.31118117713531945,0.6888188228646805
1941,0.8069935992042254,0.19300640079577458
1949,0.8346326803746477,0.16536731962535234
1950,0.9600000000000001,0.039999999999999925
1951,0.9355303030303029,0.06446969696969707
1955,0.9274860515748512,0.0725139484251488
1957,0.9878787878787877,0.01212121212121231
1978,0.8006698178062553,0.19933018219374465
198,0.8784986941656096,0.12150130583439045
1981,0.8501444553057455,0.14985554469425455
1984,0.9757037037037037,0.02429629629629626
1986,0.9833333333333333,0.01666666666666672
1988,0.8554261830123899,0.14457381698761007
2002,0.9411237618352957,0.05887623816470433
2003,0.7303140608304174,0.2696859391695826
2006,0.8770443234744313,0.12295567652556871
2007,0.958323357280477,0.04167664271952298
2008,0.8366275419427833,0.16337245805721667
2009,0.960815691484756,0.039184308515244015
2014,0.7564434011806693,0.24355659881933067
2026,0.6039711295146079,0.39602887048539215
2029,0.8821644445407109,0.11783555545928914
2031,0.8305741675026267,0.1694258324973733
2039,0.8830127404532557,0.11698725954674427
2055,0.9316435399321616,0.06835646006783835
2062,0.9777082259346028,0.022291774065397174
2064,0.9259887494777351,0.07401125052226487
2065,0.9738958549161101,0.026104145083889918
2066,0.8087171007303292,0.1912828992696708
2075,0.4263482880634989,0.5736517119365011
2076,0.4325386833213577,0.5674613166786423
2082,0.9237839675710879,0.07621603242891206
2108,0.9125102473663255,0.08748975263367453
211,0.9426386552577765,0.05736134474222354
2110,0.952544904597328,0.04745509540267201
2118,0.9153046594982079,0.08469534050179206
2127,0.8259131158351567,0.1740868841648433
2136,0.9447154678130848,0.0552845321869152
2137,0.7999412912362207,0.2000587087637793
2148,0.9427882201448611,0.05721177985513892
217,0.9473040425406899,0.052695957459310105
2170,0.9488449260752688,0.051155073924731176
2176,0.8987294184300958,0.1012705815699042
2178,0.624514626064866,0.37548537393513404
2182,0.9746710864425944,0.02532891355740563
2188,0.8469599097579729,0.15304009024202714
2208,0.8855172178726604,0.11448278212733964
2211,0.8219855986236804,0.17801440137631963
2213,0.35863405340773513,0.6413659465922649
2214,0.9218919799564962,0.07810802004350381
2221,0.877453533243878,0.12254646675612202
2226,0.901638801259431,0.09836119874056903
2227,0.8147461782225381,0.18525382177746186
223,0.7675643226986945,0.23243567730130554
2237,0.9072521762176932,0.09274782378230684
2241,0.8483375629479132,0.15166243705208682
2244,0.9352257812244733,0.06477421877552669
2245,0.9046253423888356,0.09537465761116437
2246,0.9880952380952379,0.011904761904762085
2248,0.949347137448814,0.05065286255118595
2259,0.8385843085407733,0.16141569145922674
2272,0.8365537025421913,0.1634462974578087
2277,0.8489503202525189,0.15104967974748107
2278,0.7177177177177179,0.28228228228228214
228,0.7104390358060477,0.2895609641939523
2293,0.7095763130990144,0.29042368690098563
2326,0.8688218585621712,0.1311781414378288
233,0.9197602895292908,0.08023971047070921
234,0.8402402276581346,0.15975977234186545
2344,0.690768683318332,0.30923131668166803
2353,0.7696509014356674,0.2303490985643326
2364,0.8762914283457032,0.12370857165429683
238,0.8697416818257815,0.1302583181742185
2384,0.9544703992089975,0.045529600791002545
2386,0.9554854007298292,0.04451459927017076
2388,0.8070549199880189,0.19294508001198107
2389,0.5819648197402764,0.41803518025972364
2392,0.7615114087129492,0.2384885912870508
2395,0.702078213376844,0.29792178662315605
2399,0.6840535829786627,0.3159464170213373
2400,0.8902790846063199,0.10972091539368012
2401,0.7866746746082905,0.21332532539170945
2406,0.9326238179405163,0.0673761820594837
2423,0.9173954470965225,0.08260455290347746
2424,0.844151074912899,0.15584892508710102
2430,0.9096324735464149,0.09036752645358515
2442,0.8502440925932749,0.14975590740672506
2459,0.8207807117113889,0.1792192882886111
246,0.9892473118279571,0.01075268817204289
2472,0.8955368567596714,0.10446314324032857
2474,0.8061090543353389,0.19389094566466114
2486,0.8527966471809347,0.14720335281906527
2489,0.6824435510346486,0.3175564489653514
25,0.9188632357137034,0.08113676428629657
2503,0.8891029020444584,0.11089709795554159
2504,0.5871317112792478,0.4128682887207522
2511,0.8733008396237688,0.1266991603762312
2520,0.9272893030650329,0.07271069693496712
2522,0.8917734777018876,0.10822652229811236
2523,0.6754427426805283,0.3245572573194717
2532,0.7034785436942406,0.29652145630575943
2533,0.8958387915847986,0.10416120841520138
2537,0.7754139599992853,0.2245860400007147
2542,0.7497080859286708,0.2502919140713292
2545,0.8562080206366584,0.14379197936334165
2555,0.3193711289797821,0.680628871020218
2556,0.9036298237762591,0.09637017622374089
2557,0.9110165605477636,0.08898343945223641
256,0.9164378586550495,0.08356214134495055
2565,0.707998249874493,0.292001750125507
2575,0.9615673806768189,0.038432619323181094
2577,0.8031677883651234,0.19683221163487663
2581,0.8163752053732151,0.18362479462678494
2582,0.8409257245995021,0.1590742754004979
2589,0.8872372365968808,0.11276276340311919
2590,0.9428571428571431,0.05714285714285694
2591,0.8916190481159763,0.10838095188402375
2592,0.958853046594982,0.04114695340501795
2593,0.9579488016906007,0.042051198309399296
2594,0.8450264951523861,0.15497350484761385
2602,0.6036299639083003,0.39637003609169974
2605,0.4324198140385782,0.5675801859614218
2608,0.9110854473769444,0.08891455262305559
2609,0.6574261784892587,0.34257382151074134
262,0.937141593682125,0.06285840631787498
2623,0.7367499185402413,0.2632500814597587
263,0.9350216176652283,0.06497838233477171
2656,0.7970592456899107,0.2029407543100893
2660,0.9323257191588586,0.06767428084114135
2680,0.8812753036437245,0.11872469635627547
2685,0.8844528492306493,0.11554715076935074
2701,0.9346947998473328,0.06530520015266716
2703,0.8600258727917179,0.13997412720828206
2705,0.8047603504998377,0.19523964950016226
2706,0.8165426260449388,0.18345737395506123
2716,0.5809475745448321,0.41905242545516785
2720,0.7720993020562525,0.22790069794374745
2721,0.6858369987723947,0.3141630012276053
2723,0.9387169950524351,0.06128300494756489
2740,0.66040914535052,0.33959085464948
2752,0.9284775118510813,0.0715224881489187
2754,0.9318487665774279,0.06815123342257212
2766,0.9722075505457148,0.027792449454285162
2768,0.8372508809784683,0.16274911902153166
2771,0.8827853866209835,0.11721461337901651
2781,0.9115465608872725,0.08845343911272752
2782,0.9522305525803887,0.04776944741961131
2784,0.7472831773142208,0.2527168226857792
2787,0.8332318589564508,0.1667681410435492
2794,0.9238709677419354,0.07612903225806456
28,0.9816091954022987,0.01839080459770126
2801,0.8075880709000152,0.19241192909998484
2807,0.8718804580691265,0.1281195419308735
2810,0.8151416165135679,0.18485838348643213
2816,0.5962245610086877,0.4037754389913123
2825,0.9497043010752688,0.05029569892473118
2827,0.8857978349884065,0.11420216501159353
2835,0.6453837436395576,0.35461625636044236
284,0.7766255144032921,0.22337448559670792
2846,0.8171798631476049,0.18282013685239507
2866,0.8104685823844681,0.18953141761553194
2871,0.9585952425893288,0.04140475741067118
2875,0.9059770114942529,0.09402298850574708
2877,0.7563497411401527,0.24365025885984726
2878,0.8849119954016091,0.11508800459839086
2882,0.5948822004849262,0.40511779951507376
2883,0.8819948952467748,0.11800510475322523
2884,0.8855527143981118,0.11444728560188822
2885,0.5192968821465371,0.48070311785346287
2886,0.7348117885644803,0.26518821143551974
2891,0.8246275260932268,0.17537247390677324
2895,0.898877688172043,0.10112231182795695
2897,0.9067726746918365,0.09322732530816347
2898,0.9395595666206031,0.06044043337939686
2910,0.6014807864350831,0.39851921356491693
2912,0.4610643699179841,0.5389356300820158
2916,0.9925925925925926,0.007407407407407418
2920,0.9184475213299277,0.08155247867007231
2924,0.7915881460385011,0.20841185396149886
2927,0.7713351130715863,0.2286648869284137
2933,0.9091794531669144,0.0908205468330856
2940,0.45638069481506827,0.5436193051849317
2941,0.8765968443706982,0.12340315562930182
2943,0.7138739230737469,0.28612607692625314
2947,0.863033029134969,0.13696697086503096
2951,0.9454074141148638,0.05459258588513616
2955,0.856895327183952,0.143104672816048
2957,0.6889431638366347,0.3110568361633653
2958,0.9482234497307842,0.05177655026921579
2959,0.868262715646656,0.13173728435334398
296,0.8643180453566884,0.13568195464331156
2961,0.9124205185495508,0.08757948145044925
2968,0.7922201857629052,0.2077798142370948
2969,0.7820010991103524,0.21799890088964757
2977,0.6666666666666666,0.33333333333333337
2978,0.8575546975546976,0.1424453024453024
2979,0.8737555037555039,0.12624449624449607
2980,0.9244556292953517,0.07554437070464826
2981,0.9628171202956989,0.03718287970430112
2982,0.8653244296177025,0.1346755703822975
2984,0.8296930902083841,0.1703069097916159
2990,0.7966339715335132,0.20336602846648677
2991,0.8752985541086631,0.12470144589133692
3001,0.94180467445566,0.05819532554434004
3008,0.9031555776276523,0.0968444223723477
3015,0.8343161270766429,0.16568387292335707
3016,0.9101202837861797,0.0898797162138203
3018,0.9259109578767327,0.07408904212326728
3021,0.9766156462585034,0.02338435374149661
3031,0.742090554971193,0.25790944502880697
3039,0.3189007839819426,0.6810992160180573
304,0.9215422622591395,0.07845773774086051
3045,0.7546956253466466,0.24530437465335342
3046,0.5951773057386974,0.4048226942613026
3047,0.5900084591701986,0.4099915408298014
3051,0.7548045793786328,0.24519542062136723
3056,0.6418239726187447,0.3581760273812553
3063,0.8365748974008208,0.1634251025991792
311,0.9437113099553291,0.05628869004467085
32,0.8987752445511067,0.10122475544889331
321,0.8717766727745779,0.12822332722542207
323,0.8967906256141552,0.10320937438584477
324,0.8440631487848669,0.15593685121513312
332,0.9017473433883406,0.09825265661165938
333,0.9066062159993372,0.09339378400066278
350,0.8515274111022441,0.14847258889775594
351,0.910305046526851,0.08969495347314904
354,0.9349026521924277,0.06509734780757226
404,0.9171143930114223,0.08288560698857772
41,0.8919276884897958,0.10807231151020424
415,0.8660920483352986,0.13390795166470137
429,0.7898845945714084,0.21011540542859164
442,0.91571521634755,0.08428478365244996
443,0.6489150626795734,0.35108493732042656
445,0.9683979226187256,0.03160207738127441
452,0.8438467736028712,0.1561532263971288
457,0.6973702789681216,0.30262972103187835
472,0.789761868776271,0.21023813122372903
473,0.9705186316951023,0.02948136830489767
475,0.9275060822463832,0.0724939177536168
482,0.891476223370528,0.10852377662947199
483,0.9650370370370371,0.03496296296296286
484,1.0,0.0
486,0.9319437538621823,0.06805624613781769
494,1.0,0.0
500,0.9397871148459385,0.060212885154061535
506,0.8144668028604355,0.1855331971395645
507,0.9071211717691583,0.0928788282308417
518,0.3484000517501594,0.6515999482498406
519,1.0,0.0
543,0.867716084477728,0.13228391552227203
55,0.7545714057299571,0.24542859427004293
550,0.9655448996197226,0.03445510038027744
551,0.9133064516129032,0.08669354838709675
558,0.9157887104510993,0.08421128954890067
56,0.9134134615384616,0.08658653846153841
561,0.9250565931439904,0.07494340685600964
562,0.9448460396052364,0.05515396039476361
563,0.7082337980085576,0.29176620199144243
579,0.8568585283575797,0.1431414716424203
581,0.7951233179208201,0.20487668207917986
589,0.7615992930635319,0.2384007069364681
590,0.9705069124423962,0.029493087557603825
592,0.6209443745584937,0.3790556254415063
593,0.9159272408061241,0.08407275919387591
601,0.9013343795763241,0.09866562042367588
604,0.939493829527846,0.06050617047215401
614,0.9186176186457847,0.08138238135421527
616,0.8821958552393601,0.11780414476063994
621,0.9016627177270649,0.09833728227293514
623,0.6763424577306166,0.32365754226938337
630,0.870775994129542,0.12922400587045801
633,0.8977444564897292,0.10225554351027077
66,0.7233708861559409,0.2766291138440591
67,0.8891507270417541,0.11084927295824587
670,0.8846985899493236,0.1153014100506764
675,0.8556497549926109,0.14435024500738913
681,0.9749416523428022,0.025058347657197833
687,0.9676031384459631,0.03239686155403687
694,0.8715100089251681,0.12848999107483194
695,0.9632183908045977,0.0367816091954023
7,0.6040647960670946,0.3959352039329054
70,0.8597372276886045,0.1402627723113955
712,0.9179547969021653,0.0820452030978347
713,0.9851851851851853,0.014814814814814725
714,0.8921780592257051,0.10782194077429486
723,0.8974209840377634,0.10257901596223662
727,0.8209598620142636,0.17904013798573637
729,0.8957653964488905,0.10423460355110947
761,0.7016969818089328,0.2983030181910672
762,0.6453000346860909,0.3546999653139091
764,0.8713573511917374,0.1286426488082626
769,0.5821316187268348,0.41786838127316517
776,0.9313013060521368,0.06869869394786321
780,0.7325050982843635,0.2674949017156365
781,0.781521035897763,0.218478964102237
782,0.7985105729846687,0.20148942701533135
794,0.7708499005900317,0.22915009940996833
828,0.9632183908045977,0.0367816091954023
837,0.7778490873472571,0.2221509126527429
847,0.8091438024961167,0.19085619750388327
856,0.9062189709180657,0.09378102908193431
86,0.6594768284841703,0.34052317151582967
865,0.8493341673192469,0.15066583268075306
867,0.8743350430655421,0.1256649569344579
868,0.7450671589904262,0.2549328410095738
900,0.9090408451036471,0.09095915489635287
915,0.8244347058019205,0.17556529419807954
921,0.9586702213438464,0.041329778656153615
922,0.913148148148148,0.08685185185185196
929,0.8817427512721874,0.11825724872781262
93,0.8066337659604048,0.1933662340395952
933,0.9697491039426523,0.030250896057347654
935,0.9269714742306107,0.07302852576938934
939,0.42931635227682335,0.5706836477231767
942,0.9384568074970552,0.06154319250294482
943,0.9312114695340504,0.06878853046594957
944,0.9691919191919193,0.03080808080808073
945,1.0,0.0
954,0.9585514946108518,0.04144850538914824
956,0.9924242424242423,0.00757575757575768
958,0.9654750402576489,0.03452495974235115
960,0.9827956989247314,0.017204301075268602
963,0.6066706154009,0.39332938459910005
982,0.9175376594731435,0.08246234052685653
99,0.9554794920312163,0.04452050796878371
992,0.9309336811256429,0.0690663188743571
994,0.9430672112876114,0.056932788712388605
